date,passenger_footfall
2019-01-01,18659
2019-01-02,16634
2019-01-03,17532
2019-01-04,19911
2019-01-05,19618
2019-01-06,19856
2019-01-07,17701
2019-01-08,17087
2019-01-09,17488
2019-01-10,18606
2019-01-11,20429
2019-01-12,18836
2019-01-13,20232
2019-01-14,17290
2019-01-15,16665
2019-01-16,16425
2019-01-17,17918
2019-01-18,21024
2019-01-19,19789
2019-01-20,21908
2019-01-21,17618
2019-01-22,17691
2019-01-23,17400
2019-01-24,17185
2019-01-25,20349
2019-01-26,17988
2019-01-27,19762
2019-01-28,17783
2019-01-29,17992
2019-01-30,17867
2019-01-31,19089
2019-02-01,19718
2019-02-02,20027
2019-02-03,20548
2019-02-04,17346
2019-02-05,16829
2019-02-06,16514
2019-02-07,17754
2019-02-08,19448
2019-02-09,20057
2019-02-10,18309
2019-02-11,17780
2019-02-12,16586
2019-02-13,18144
2019-02-14,18126
2019-02-15,20419
2019-02-16,19663
2019-02-17,18744
2019-02-18,17406
2019-02-19,16742
2019-02-20,17598
2019-02-21,19398
2019-02-22,20109
2019-02-23,17461
2019-02-24,19898
2019-02-25,18332
2019-02-26,17964
2019-02-27,17170
2019-02-28,19597
2019-03-01,20785
2019-03-02,19071
2019-03-03,20404
2019-03-04,17776
2019-03-05,16648
2019-03-06,18210
2019-03-07,17260
2019-03-08,21354
2019-03-09,19615
2019-03-10,18701
2019-03-11,16655
2019-03-12,16879
2019-03-13,17631
2019-03-14,17954
2019-03-15,19876
2019-03-16,20096
2019-03-17,19742
2019-03-18,17254
2019-03-19,17263
2019-03-20,17223
2019-03-21,19510
2019-03-22,20394
2019-03-23,18826
2019-03-24,20866
2019-03-25,17835
2019-03-26,17981
2019-03-27,16069
2019-03-28,17707
2019-03-29,20456
2019-03-30,17415
2019-03-31,21876
2019-04-01,16946
2019-04-02,17041
2019-04-03,17866
2019-04-04,19861
2019-04-05,20327
2019-04-06,20089
2019-04-07,20304
2019-04-08,17308
2019-04-09,17475
2019-04-10,16642
2019-04-11,18888
2019-04-12,20636
2019-04-13,20755
2019-04-14,20428
2019-04-15,18191
2019-04-16,15544
2019-04-17,17047
2019-04-18,18066
2019-04-19,20324
2019-04-20,18490
2019-04-21,20178
2019-04-22,18263
2019-04-23,15841
2019-04-24,16971
2019-04-25,19715
2019-04-26,20159
2019-04-27,18474
2019-04-28,20362
2019-04-29,16277
2019-04-30,16845
2019-05-01,18631
2019-05-02,18232
2019-05-03,20328
2019-05-04,21237
2019-05-05,19326
2019-05-06,17420
2019-05-07,16249
2019-05-08,17295
2019-05-09,18191
2019-05-10,21354
2019-05-11,20725
2019-05-12,19264
2019-05-13,18056
2019-05-14,18633
2019-05-15,18458
2019-05-16,18892
2019-05-17,19818
2019-05-18,20847
2019-05-19,20419
2019-05-20,16941
2019-05-21,17599
2019-05-22,18668
2019-05-23,18351
2019-05-24,20413
2019-05-25,19247
2019-05-26,20565
2019-05-27,18540
2019-05-28,16504
2019-05-29,16982
2019-05-30,17965
2019-05-31,20770
2019-06-01,23493
2019-06-02,23714
2019-06-03,21458
2019-06-04,19674
2019-06-05,21692
2019-06-06,22973
2019-06-07,24525
2019-06-08,23699
2019-06-09,23362
2019-06-10,20991
2019-06-11,21673
2019-06-12,21789
2019-06-13,22352
2019-06-14,23118
2019-06-15,23054
2019-06-16,23250
2019-06-17,20743
2019-06-18,21726
2019-06-19,20667
2019-06-20,22666
2019-06-21,22798
2019-06-22,22576
2019-06-23,24284
2019-06-24,22277
2019-06-25,20300
2019-06-26,19944
2019-06-27,24146
2019-06-28,24071
2019-06-29,23707
2019-06-30,24049
2019-07-01,21455
2019-07-02,20473
2019-07-03,22062
2019-07-04,21564
2019-07-05,23820
2019-07-06,22042
2019-07-07,24319
2019-07-08,21763
2019-07-09,22113
2019-07-10,21152
2019-07-11,22766
2019-07-12,24057
2019-07-13,21997
2019-07-14,24026
2019-07-15,21673
2019-07-16,20499
2019-07-17,21422
2019-07-18,23683
2019-07-19,23173
2019-07-20,22370
2019-07-21,23901
2019-07-22,23120
2019-07-23,19951
2019-07-24,21901
2019-07-25,21800
2019-07-26,23357
2019-07-27,22351
2019-07-28,23810
2019-07-29,22734
2019-07-30,19981
2019-07-31,21031
2019-08-01,22401
2019-08-02,23324
2019-08-03,22892
2019-08-04,23517
2019-08-05,21872
2019-08-06,20061
2019-08-07,21860
2019-08-08,22875
2019-08-09,24001
2019-08-10,23716
2019-08-11,22856
2019-08-12,20644
2019-08-13,21416
2019-08-14,22254
2019-08-15,22669
2019-08-16,25163
2019-08-17,22596
2019-08-18,25272
2019-08-19,22098
2019-08-20,20516
2019-08-21,21115
2019-08-22,22878
2019-08-23,25444
2019-08-24,23050
2019-08-25,23832
2019-08-26,21576
2019-08-27,21448
2019-08-28,21816
2019-08-29,22151
2019-08-30,23561
2019-08-31,21824
2019-09-01,22028
2019-09-02,19110
2019-09-03,17621
2019-09-04,18869
2019-09-05,19340
2019-09-06,21924
2019-09-07,20721
2019-09-08,19690
2019-09-09,17985
2019-09-10,18157
2019-09-11,17691
2019-09-12,19585
2019-09-13,21389
2019-09-14,19882
2019-09-15,21170
2019-09-16,17127
2019-09-17,16762
2019-09-18,19208
2019-09-19,19436
2019-09-20,20599
2019-09-21,19660
2019-09-22,21107
2019-09-23,18892
2019-09-24,18114
2019-09-25,17663
2019-09-26,19592
2019-09-27,21126
2019-09-28,20972
2019-09-29,19926
2019-09-30,18245
2019-10-01,17765
2019-10-02,18521
2019-10-03,19138
2019-10-04,20853
2019-10-05,19296
2019-10-06,21075
2019-10-07,17910
2019-10-08,18735
2019-10-09,17993
2019-10-10,21360
2019-10-11,22120
2019-10-12,19147
2019-10-13,20535
2019-10-14,19017
2019-10-15,18685
2019-10-16,19643
2019-10-17,19355
2019-10-18,20322
2019-10-19,19736
2019-10-20,21547
2019-10-21,17972
2019-10-22,17566
2019-10-23,19775
2019-10-24,19774
2019-10-25,21657
2019-10-26,19989
2019-10-27,20578
2019-10-28,17013
2019-10-29,17122
2019-10-30,16689
2019-10-31,20008
2019-11-01,22349
2019-11-02,19981
2019-11-03,20267
2019-11-04,18208
2019-11-05,17245
2019-11-06,16830
2019-11-07,19164
2019-11-08,20384
2019-11-09,19305
2019-11-10,19204
2019-11-11,17734
2019-11-12,17586
2019-11-13,18304
2019-11-14,19703
2019-11-15,21661
2019-11-16,20885
2019-11-17,19457
2019-11-18,17792
2019-11-19,17272
2019-11-20,18701
2019-11-21,18168
2019-11-22,21478
2019-11-23,20730
2019-11-24,21344
2019-11-25,18722
2019-11-26,18656
2019-11-27,18957
2019-11-28,18847
2019-11-29,20950
2019-11-30,18310
2019-12-01,21341
2019-12-02,18600
2019-12-03,18306
2019-12-04,18969
2019-12-05,19477
2019-12-06,19659
2019-12-07,19915
2019-12-08,20898
2019-12-09,18932
2019-12-10,18049
2019-12-11,17298
2019-12-12,19488
2019-12-13,20456
2019-12-14,20293
2019-12-15,25819
2019-12-16,22950
2019-12-17,21832
2019-12-18,22660
2019-12-19,24778
2019-12-20,23849
2019-12-21,23926
2019-12-22,24808
2019-12-23,22217
2019-12-24,22534
2019-12-25,23277
2019-12-26,24470
2019-12-27,25330
2019-12-28,23715
2019-12-29,25593
2019-12-30,22616
2019-12-31,22129
2020-01-01,11812
2020-01-02,13030
2020-01-03,15995
2020-01-04,13881
2020-01-05,14195
2020-01-06,13344
2020-01-07,12020
2020-01-08,12987
2020-01-09,13875
2020-01-10,16605
2020-01-11,13414
2020-01-12,15726
2020-01-13,12034
2020-01-14,12998
2020-01-15,12362
2020-01-16,12968
2020-01-17,15520
2020-01-18,15843
2020-01-19,14345
2020-01-20,13095
2020-01-21,11000
2020-01-22,11629
2020-01-23,12976
2020-01-24,15280
2020-01-25,12209
2020-01-26,13802
2020-01-27,11683
2020-01-28,11723
2020-01-29,11449
2020-01-30,12503
2020-01-31,15253
2020-02-01,14897
2020-02-02,14825
2020-02-03,11581
2020-02-04,11306
2020-02-05,13038
2020-02-06,13376
2020-02-07,15149
2020-02-08,15394
2020-02-09,15821
2020-02-10,13221
2020-02-11,12364
2020-02-12,12280
2020-02-13,14047
2020-02-14,14247
2020-02-15,13959
2020-02-16,15464
2020-02-17,12048
2020-02-18,12395
2020-02-19,12296
2020-02-20,13119
2020-02-21,14687
2020-02-22,14772
2020-02-23,16125
2020-02-24,13087
2020-02-25,9934
2020-02-26,12997
2020-02-27,14142
2020-02-28,14220
2020-02-29,14736
2020-03-01,8714
2020-03-02,6512
2020-03-03,5718
2020-03-04,6485
2020-03-05,7138
2020-03-06,10357
2020-03-07,8523
2020-03-08,7025
2020-03-09,7618
2020-03-10,6622
2020-03-11,7043
2020-03-12,7767
2020-03-13,8892
2020-03-14,8112
2020-03-15,8568
2020-03-16,7815
2020-03-17,6131
2020-03-18,5796
2020-03-19,7982
2020-03-20,10490
2020-03-21,9633
2020-03-22,9104
2020-03-23,6151
2020-03-24,6944
2020-03-25,6635
2020-03-26,7635
2020-03-27,8248
2020-03-28,8629
2020-03-29,8357
2020-03-30,6452
2020-03-31,6751
2020-04-01,9416
2020-04-02,7863
2020-04-03,12097
2020-04-04,8083
2020-04-05,8022
2020-04-06,5925
2020-04-07,4887
2020-04-08,5086
2020-04-09,7281
2020-04-10,9208
2020-04-11,9013
2020-04-12,9228
2020-04-13,5187
2020-04-14,7838
2020-04-15,7187
2020-04-16,7201
2020-04-17,11423
2020-04-18,8166
2020-04-19,9945
2020-04-20,8097
2020-04-21,7209
2020-04-22,6682
2020-04-23,8051
2020-04-24,9843
2020-04-25,7956
2020-04-26,9785
2020-04-27,6485
2020-04-28,5081
2020-04-29,6513
2020-04-30,7934
2020-05-01,9577
2020-05-02,9598
2020-05-03,9198
2020-05-04,6826
2020-05-05,5562
2020-05-06,7043
2020-05-07,7676
2020-05-08,8655
2020-05-09,7936
2020-05-10,8560
2020-05-11,5889
2020-05-12,4637
2020-05-13,4744
2020-05-14,8110
2020-05-15,11281
2020-05-16,9607
2020-05-17,9013
2020-05-18,7768
2020-05-19,6388
2020-05-20,7305
2020-05-21,7637
2020-05-22,9091
2020-05-23,7618
2020-05-24,8890
2020-05-25,7278
2020-05-26,5337
2020-05-27,5865
2020-05-28,8913
2020-05-29,9334
2020-05-30,8489
2020-05-31,8173
2020-06-01,9308
2020-06-02,9911
2020-06-03,10478
2020-06-04,10788
2020-06-05,14571
2020-06-06,12206
2020-06-07,12601
2020-06-08,9438
2020-06-09,9007
2020-06-10,10893
2020-06-11,13352
2020-06-12,14251
2020-06-13,11023
2020-06-14,13490
2020-06-15,9798
2020-06-16,9863
2020-06-17,10651
2020-06-18,10639
2020-06-19,13482
2020-06-20,11543
2020-06-21,11818
2020-06-22,9545
2020-06-23,10101
2020-06-24,10866
2020-06-25,12305
2020-06-26,14733
2020-06-27,11204
2020-06-28,13544
2020-06-29,11350
2020-06-30,10345
2020-07-01,10985
2020-07-02,12066
2020-07-03,13878
2020-07-04,11438
2020-07-05,13328
2020-07-06,10738
2020-07-07,11192
2020-07-08,10065
2020-07-09,10904
2020-07-10,12349
2020-07-11,13189
2020-07-12,13589
2020-07-13,10829
2020-07-14,11193
2020-07-15,10239
2020-07-16,12086
2020-07-17,13588
2020-07-18,12514
2020-07-19,12976
2020-07-20,12221
2020-07-21,11274
2020-07-22,9714
2020-07-23,11378
2020-07-24,13117
2020-07-25,11823
2020-07-26,13778
2020-07-27,10289
2020-07-28,10601
2020-07-29,10250
2020-07-30,10574
2020-07-31,14643
2020-08-01,11646
2020-08-02,14030
2020-08-03,10071
2020-08-04,10911
2020-08-05,11443
2020-08-06,11148
2020-08-07,14109
2020-08-08,12929
2020-08-09,12898
2020-08-10,10200
2020-08-11,10211
2020-08-12,11436
2020-08-13,11787
2020-08-14,12827
2020-08-15,11906
2020-08-16,12842
2020-08-17,10883
2020-08-18,9790
2020-08-19,10829
2020-08-20,11762
2020-08-21,13179
2020-08-22,13320
2020-08-23,13588
2020-08-24,11138
2020-08-25,10280
2020-08-26,11175
2020-08-27,10427
2020-08-28,13523
2020-08-29,12199
2020-08-30,13192
2020-08-31,11581
2020-09-01,12225
2020-09-02,13182
2020-09-03,13528
2020-09-04,14855
2020-09-05,13542
2020-09-06,17028
2020-09-07,13791
2020-09-08,13077
2020-09-09,14588
2020-09-10,16010
2020-09-11,16457
2020-09-12,15501
2020-09-13,16555
2020-09-14,13134
2020-09-15,11895
2020-09-16,13981
2020-09-17,13413
2020-09-18,16958
2020-09-19,14476
2020-09-20,14250
2020-09-21,13230
2020-09-22,11818
2020-09-23,14237
2020-09-24,13507
2020-09-25,15882
2020-09-26,14517
2020-09-27,16483
2020-09-28,11790
2020-09-29,11376
2020-09-30,14246
2020-10-01,14969
2020-10-02,15774
2020-10-03,15312
2020-10-04,15801
2020-10-05,13961
2020-10-06,12798
2020-10-07,14116
2020-10-08,15115
2020-10-09,16650
2020-10-10,14316
2020-10-11,16473
2020-10-12,13409
2020-10-13,11827
2020-10-14,13231
2020-10-15,13384
2020-10-16,16986
2020-10-17,15545
2020-10-18,15790
2020-10-19,14525
2020-10-20,13093
2020-10-21,12410
2020-10-22,12731
2020-10-23,15836
2020-10-24,14893
2020-10-25,16211
2020-10-26,16029
2020-10-27,13835
2020-10-28,13035
2020-10-29,14460
2020-10-30,16675
2020-10-31,14779
2020-11-01,15678
2020-11-02,13203
2020-11-03,12970
2020-11-04,13689
2020-11-05,14960
2020-11-06,14255
2020-11-07,15050
2020-11-08,17297
2020-11-09,13702
2020-11-10,12160
2020-11-11,13287
2020-11-12,15818
2020-11-13,16831
2020-11-14,14350
2020-11-15,16668
2020-11-16,13027
2020-11-17,12833
2020-11-18,11808
2020-11-19,14445
2020-11-20,18234
2020-11-21,15962
2020-11-22,15570
2020-11-23,14068
2020-11-24,12866
2020-11-25,13454
2020-11-26,14680
2020-11-27,16241
2020-11-28,14527
2020-11-29,17682
2020-11-30,12593
2020-12-01,13134
2020-12-02,12577
2020-12-03,13677
2020-12-04,16275
2020-12-05,15256
2020-12-06,16588
2020-12-07,13165
2020-12-08,11507
2020-12-09,13957
2020-12-10,14842
2020-12-11,16234
2020-12-12,14075
2020-12-13,15284
2020-12-14,14500
2020-12-15,18281
2020-12-16,16995
2020-12-17,19613
2020-12-18,20752
2020-12-19,20009
2020-12-20,20544
2020-12-21,17527
2020-12-22,16851
2020-12-23,17098
2020-12-24,18638
2020-12-25,21941
2020-12-26,20052
2020-12-27,20324
2020-12-28,17283
2020-12-29,16746
2020-12-30,17499
2020-12-31,19128
2021-01-01,22205
2021-01-02,21600
2021-01-03,22931
2021-01-04,19728
2021-01-05,17411
2021-01-06,19588
2021-01-07,19303
2021-01-08,22334
2021-01-09,21354
2021-01-10,22914
2021-01-11,20280
2021-01-12,20048
2021-01-13,19755
2021-01-14,19592
2021-01-15,21242
2021-01-16,22185
2021-01-17,22148
2021-01-18,19737
2021-01-19,18945
2021-01-20,20389
2021-01-21,22313
2021-01-22,22634
2021-01-23,21358
2021-01-24,22897
2021-01-25,18975
2021-01-26,17034
2021-01-27,20594
2021-01-28,20896
2021-01-29,21634
2021-01-30,22560
2021-01-31,20361
2021-02-01,20367
2021-02-02,18821
2021-02-03,18689
2021-02-04,19758
2021-02-05,22168
2021-02-06,21542
2021-02-07,21531
2021-02-08,20472
2021-02-09,19777
2021-02-10,20106
2021-02-11,21129
2021-02-12,23752
2021-02-13,20925
2021-02-14,23438
2021-02-15,18021
2021-02-16,19666
2021-02-17,18732
2021-02-18,21827
2021-02-19,22786
2021-02-20,20287
2021-02-21,21670
2021-02-22,20550
2021-02-23,18509
2021-02-24,19234
2021-02-25,19634
2021-02-26,22328
2021-02-27,22315
2021-02-28,22021
2021-03-01,19860
2021-03-02,18950
2021-03-03,18467
2021-03-04,20224
2021-03-05,24451
2021-03-06,21535
2021-03-07,22166
2021-03-08,19777
2021-03-09,20555
2021-03-10,19100
2021-03-11,21513
2021-03-12,23156
2021-03-13,22811
2021-03-14,22495
2021-03-15,20394
2021-03-16,19951
2021-03-17,20684
2021-03-18,20074
2021-03-19,22766
2021-03-20,20555
2021-03-21,21124
2021-03-22,19512
2021-03-23,21007
2021-03-24,19580
2021-03-25,22136
2021-03-26,21861
2021-03-27,21773
2021-03-28,23049
2021-03-29,19575
2021-03-30,20042
2021-03-31,18695
2021-04-01,21312
2021-04-02,23830
2021-04-03,22863
2021-04-04,22708
2021-04-05,19121
2021-04-06,19684
2021-04-07,20061
2021-04-08,21069
2021-04-09,21826
2021-04-10,21682
2021-04-11,21757
2021-04-12,19836
2021-04-13,18616
2021-04-14,20081
2021-04-15,21137
2021-04-16,23110
2021-04-17,23215
2021-04-18,23869
2021-04-19,20063
2021-04-20,20257
2021-04-21,18877
2021-04-22,21116
2021-04-23,23558
2021-04-24,21512
2021-04-25,22283
2021-04-26,20078
2021-04-27,19240
2021-04-28,20740
2021-04-29,21300
2021-04-30,22769
2021-05-01,22877
2021-05-02,23528
2021-05-03,21181
2021-05-04,19146
2021-05-05,19812
2021-05-06,21959
2021-05-07,23101
2021-05-08,22619
2021-05-09,21911
2021-05-10,18563
2021-05-11,18176
2021-05-12,19049
2021-05-13,20413
2021-05-14,21993
2021-05-15,21602
2021-05-16,23189
2021-05-17,20130
2021-05-18,19228
2021-05-19,20607
2021-05-20,22134
2021-05-21,23399
2021-05-22,22385
2021-05-23,22538
2021-05-24,21501
2021-05-25,19834
2021-05-26,19865
2021-05-27,22406
2021-05-28,22300
2021-05-29,22183
2021-05-30,22851
2021-05-31,19112
2021-06-01,23333
2021-06-02,23288
2021-06-03,25235
2021-06-04,25802
2021-06-05,23781
2021-06-06,25981
2021-06-07,23068
2021-06-08,23753
2021-06-09,23607
2021-06-10,24820
2021-06-11,26874
2021-06-12,24770
2021-06-13,26802
2021-06-14,24362
2021-06-15,23532
2021-06-16,23167
2021-06-17,24209
2021-06-18,26316
2021-06-19,25275
2021-06-20,23942
2021-06-21,24516
2021-06-22,23465
2021-06-23,25326
2021-06-24,25498
2021-06-25,26710
2021-06-26,26033
2021-06-27,26080
2021-06-28,23928
2021-06-29,24378
2021-06-30,23401
2021-07-01,24184
2021-07-02,25908
2021-07-03,26753
2021-07-04,25759
2021-07-05,23290
2021-07-06,22536
2021-07-07,24183
2021-07-08,24771
2021-07-09,25378
2021-07-10,24647
2021-07-11,24958
2021-07-12,24808
2021-07-13,22672
2021-07-14,24839
2021-07-15,25596
2021-07-16,27124
2021-07-17,24180
2021-07-18,26406
2021-07-19,22702
2021-07-20,22653
2021-07-21,23840
2021-07-22,25783
2021-07-23,26732
2021-07-24,24611
2021-07-25,26239
2021-07-26,23426
2021-07-27,23416
2021-07-28,23111
2021-07-29,24819
2021-07-30,26803
2021-07-31,25996
2021-08-01,24814
2021-08-02,24010
2021-08-03,24427
2021-08-04,25631
2021-08-05,24793
2021-08-06,25751
2021-08-07,25026
2021-08-08,26209
2021-08-09,23937
2021-08-10,24722
2021-08-11,24970
2021-08-12,24015
2021-08-13,26068
2021-08-14,25350
2021-08-15,27807
2021-08-16,24710
2021-08-17,22454
2021-08-18,25302
2021-08-19,24747
2021-08-20,27475
2021-08-21,25704
2021-08-22,26884
2021-08-23,23010
2021-08-24,22311
2021-08-25,23699
2021-08-26,26191
2021-08-27,27117
2021-08-28,26498
2021-08-29,27182
2021-08-30,24817
2021-08-31,23939
2021-09-01,19923
2021-09-02,21068
2021-09-03,23251
2021-09-04,23093
2021-09-05,23744
2021-09-06,21150
2021-09-07,19485
2021-09-08,20442
2021-09-09,21885
2021-09-10,23628
2021-09-11,23862
2021-09-12,22789
2021-09-13,20984
2021-09-14,19813
2021-09-15,19996
2021-09-16,22930
2021-09-17,23312
2021-09-18,21341
2021-09-19,22495
2021-09-20,20067
2021-09-21,21433
2021-09-22,19469
2021-09-23,21781
2021-09-24,23801
2021-09-25,21119
2021-09-26,24192
2021-09-27,21095
2021-09-28,19876
2021-09-29,20356
2021-09-30,21812
2021-10-01,23830
2021-10-02,21995
2021-10-03,24331
2021-10-04,20236
2021-10-05,20232
2021-10-06,20058
2021-10-07,21324
2021-10-08,23661
2021-10-09,22322
2021-10-10,22472
2021-10-11,19894
2021-10-12,20349
2021-10-13,19089
2021-10-14,21318
2021-10-15,23011
2021-10-16,22714
2021-10-17,22876
2021-10-18,21041
2021-10-19,20178
2021-10-20,21397
2021-10-21,21903
2021-10-22,24812
2021-10-23,22622
2021-10-24,22878
2021-10-25,21573
2021-10-26,22403
2021-10-27,20502
2021-10-28,21263
2021-10-29,23769
2021-10-30,21395
2021-10-31,22260
2021-11-01,20470
2021-11-02,20321
2021-11-03,20748
2021-11-04,22450
2021-11-05,22908
2021-11-06,21381
2021-11-07,22759
2021-11-08,21884
2021-11-09,20262
2021-11-10,20749
2021-11-11,22045
2021-11-12,22949
2021-11-13,22983
2021-11-14,24425
2021-11-15,20132
2021-11-16,20635
2021-11-17,19853
2021-11-18,21641
2021-11-19,24764
2021-11-20,21561
2021-11-21,23842
2021-11-22,20176
2021-11-23,21019
2021-11-24,20834
2021-11-25,22084
2021-11-26,23792
2021-11-27,23207
2021-11-28,22588
2021-11-29,20749
2021-11-30,19896
2021-12-01,20868
2021-12-02,21203
2021-12-03,23901
2021-12-04,23419
2021-12-05,23450
2021-12-06,20113
2021-12-07,19374
2021-12-08,20677
2021-12-09,22444
2021-12-10,24398
2021-12-11,21747
2021-12-12,24447
2021-12-13,21445
2021-12-14,21165
2021-12-15,25348
2021-12-16,26341
2021-12-17,28382
2021-12-18,27559
2021-12-19,27916
2021-12-20,25290
2021-12-21,25220
2021-12-22,25825
2021-12-23,26433
2021-12-24,26908
2021-12-25,27539
2021-12-26,27410
2021-12-27,24248
2021-12-28,22805
2021-12-29,24052
2021-12-30,25614
2021-12-31,29273
2022-01-01,22376
2022-01-02,22653
2022-01-03,21022
2022-01-04,19498
2022-01-05,19452
2022-01-06,20755
2022-01-07,23929
2022-01-08,23735
2022-01-09,23903
2022-01-10,21538
2022-01-11,19254
2022-01-12,20380
2022-01-13,21299
2022-01-14,25145
2022-01-15,23570
2022-01-16,21428
2022-01-17,19975
2022-01-18,20771
2022-01-19,20037
2022-01-20,21533
2022-01-21,22768
2022-01-22,21911
2022-01-23,23320
2022-01-24,19707
2022-01-25,20358
2022-01-26,22309
2022-01-27,21851
2022-01-28,23199
2022-01-29,21269
2022-01-30,23821
2022-01-31,22684
2022-02-01,20733
2022-02-02,20289
2022-02-03,22387
2022-02-04,23098
2022-02-05,22515
2022-02-06,23225
2022-02-07,21017
2022-02-08,20026
2022-02-09,21326
2022-02-10,20649
2022-02-11,23820
2022-02-12,22450
2022-02-13,25141
2022-02-14,21395
2022-02-15,20563
2022-02-16,21134
2022-02-17,21208
2022-02-18,25206
2022-02-19,23436
2022-02-20,22926
2022-02-21,21721
2022-02-22,19828
2022-02-23,21267
2022-02-24,22501
2022-02-25,23170
2022-02-26,22843
2022-02-27,23258
2022-02-28,21553
2022-03-01,21201
2022-03-02,21265
2022-03-03,21452
2022-03-04,25479
2022-03-05,22829
2022-03-06,23810
2022-03-07,21547
2022-03-08,19704
2022-03-09,21140
2022-03-10,21778
2022-03-11,23170
2022-03-12,22703
2022-03-13,22991
2022-03-14,22233
2022-03-15,19952
2022-03-16,20129
2022-03-17,22783
2022-03-18,24932
2022-03-19,22372
2022-03-20,22478
2022-03-21,22053
2022-03-22,20139
2022-03-23,21752
2022-03-24,22169
2022-03-25,23756
2022-03-26,22692
2022-03-27,23801
2022-03-28,21638
2022-03-29,21027
2022-03-30,20696
2022-03-31,22566
2022-04-01,25906
2022-04-02,22243
2022-04-03,21696
2022-04-04,21970
2022-04-05,20403
2022-04-06,21605
2022-04-07,23951
2022-04-08,23415
2022-04-09,24259
2022-04-10,23721
2022-04-11,22302
2022-04-12,20910
2022-04-13,23070
2022-04-14,21060
2022-04-15,24134
2022-04-16,25014
2022-04-17,22410
2022-04-18,19989
2022-04-19,20999
2022-04-20,20751
2022-04-21,21993
2022-04-22,23002
2022-04-23,23215
2022-04-24,23550
2022-04-25,21989
2022-04-26,21329
2022-04-27,22089
2022-04-28,23133
2022-04-29,24215
2022-04-30,21733
2022-05-01,23328
2022-05-02,21811
2022-05-03,21339
2022-05-04,22532
2022-05-05,20839
2022-05-06,24762
2022-05-07,23153
2022-05-08,24317
2022-05-09,21499
2022-05-10,20107
2022-05-11,21820
2022-05-12,22489
2022-05-13,24535
2022-05-14,23505
2022-05-15,23960
2022-05-16,21971
2022-05-17,20809
2022-05-18,21764
2022-05-19,22389
2022-05-20,24731
2022-05-21,23516
2022-05-22,22925
2022-05-23,21250
2022-05-24,20827
2022-05-25,19903
2022-05-26,23204
2022-05-27,24549
2022-05-28,24048
2022-05-29,24755
2022-05-30,22124
2022-05-31,21374
2022-06-01,23073
2022-06-02,28004
2022-06-03,26924
2022-06-04,25925
2022-06-05,28472
2022-06-06,25594
2022-06-07,23705
2022-06-08,24653
2022-06-09,24685
2022-06-10,27927
2022-06-11,25726
2022-06-12,28573
2022-06-13,24957
2022-06-14,25129
2022-06-15,25430
2022-06-16,25400
2022-06-17,29092
2022-06-18,26452
2022-06-19,28382
2022-06-20,25829
2022-06-21,24561
2022-06-22,25634
2022-06-23,27288
2022-06-24,27833
2022-06-25,26414
2022-06-26,27821
2022-06-27,25414
2022-06-28,24583
2022-06-29,25250
2022-06-30,24809
2022-07-01,27638
2022-07-02,27292
2022-07-03,27130
2022-07-04,25190
2022-07-05,23441
2022-07-06,24873
2022-07-07,26440
2022-07-08,27379
2022-07-09,26471
2022-07-10,26562
2022-07-11,25521
2022-07-12,25361
2022-07-13,24929
2022-07-14,25898
2022-07-15,27710
2022-07-16,26723
2022-07-17,26234
2022-07-18,23854
2022-07-19,25580
2022-07-20,25086
2022-07-21,26287
2022-07-22,28663
2022-07-23,27139
2022-07-24,28372
2022-07-25,24705
2022-07-26,25292
2022-07-27,24426
2022-07-28,27092
2022-07-29,26514
2022-07-30,27269
2022-07-31,28040
2022-08-01,25785
2022-08-02,23677
2022-08-03,25704
2022-08-04,25532
2022-08-05,27872
2022-08-06,26420
2022-08-07,26777
2022-08-08,25836
2022-08-09,24747
2022-08-10,24632
2022-08-11,25312
2022-08-12,28737
2022-08-13,25706
2022-08-14,27012
2022-08-15,25546
2022-08-16,24107
2022-08-17,26073
2022-08-18,24858
2022-08-19,28133
2022-08-20,25631
2022-08-21,27618
2022-08-22,24724
2022-08-23,23834
2022-08-24,26278
2022-08-25,24878
2022-08-26,28417
2022-08-27,26929
2022-08-28,27987
2022-08-29,23996
2022-08-30,24661
2022-08-31,26108
2022-09-01,22282
2022-09-02,25246
2022-09-03,24388
2022-09-04,23308
2022-09-05,21562
2022-09-06,21071
2022-09-07,20370
2022-09-08,23516
2022-09-09,24518
2022-09-10,23517
2022-09-11,24507
2022-09-12,21573
2022-09-13,20876
2022-09-14,21279
2022-09-15,21022
2022-09-16,25076
2022-09-17,23446
2022-09-18,24031
2022-09-19,21413
2022-09-20,19309
2022-09-21,21521
2022-09-22,22852
2022-09-23,24654
2022-09-24,23834
2022-09-25,22668
2022-09-26,22315
2022-09-27,19199
2022-09-28,21638
2022-09-29,24054
2022-09-30,24149
2022-10-01,24006
2022-10-02,25960
2022-10-03,20895
2022-10-04,21073
2022-10-05,22270
2022-10-06,23608
2022-10-07,25088
2022-10-08,22063
2022-10-09,24754
2022-10-10,22025
2022-10-11,21786
2022-10-12,21646
2022-10-13,23114
2022-10-14,23752
2022-10-15,24348
2022-10-16,23511
2022-10-17,20393
2022-10-18,20111
2022-10-19,23027
2022-10-20,22831
2022-10-21,25134
2022-10-22,24726
2022-10-23,23954
2022-10-24,22763
2022-10-25,21170
2022-10-26,21039
2022-10-27,21676
2022-10-28,25011
2022-10-29,22185
2022-10-30,24563
2022-10-31,22047
2022-11-01,20198
2022-11-02,20901
2022-11-03,23554
2022-11-04,24169
2022-11-05,24625
2022-11-06,23443
2022-11-07,21982
2022-11-08,22326
2022-11-09,22904
2022-11-10,22907
2022-11-11,25187
2022-11-12,24449
2022-11-13,24091
2022-11-14,23517
2022-11-15,21476
2022-11-16,21847
2022-11-17,21297
2022-11-18,25185
2022-11-19,23074
2022-11-20,24187
2022-11-21,22948
2022-11-22,21284
2022-11-23,22351
2022-11-24,22573
2022-11-25,24210
2022-11-26,22916
2022-11-27,24156
2022-11-28,20930
2022-11-29,21445
2022-11-30,22605
2022-12-01,23216
2022-12-02,24301
2022-12-03,24036
2022-12-04,23067
2022-12-05,21577
2022-12-06,22681
2022-12-07,21922
2022-12-08,23589
2022-12-09,24982
2022-12-10,24924
2022-12-11,22821
2022-12-12,21876
2022-12-13,21985
2022-12-14,21880
2022-12-15,26640
2022-12-16,28336
2022-12-17,27637
2022-12-18,27758
2022-12-19,27060
2022-12-20,25597
2022-12-21,25420
2022-12-22,27682
2022-12-23,27754
2022-12-24,27578
2022-12-25,28829
2022-12-26,26412
2022-12-27,26497
2022-12-28,26563
2022-12-29,26385
2022-12-30,29121
2022-12-31,27239
2023-01-01,23780
2023-01-02,21425
2023-01-03,21305
2023-01-04,22851
2023-01-05,22697
2023-01-06,25769
2023-01-07,22798
2023-01-08,25919
2023-01-09,21462
2023-01-10,21549
2023-01-11,22606
2023-01-12,22356
2023-01-13,24483
2023-01-14,23189
2023-01-15,24728
2023-01-16,22020
2023-01-17,20335
2023-01-18,21988
2023-01-19,21249
2023-01-20,25181
2023-01-21,24170
2023-01-22,25530
2023-01-23,20136
2023-01-24,20246
2023-01-25,22910
2023-01-26,22247
2023-01-27,23753
2023-01-28,22884
2023-01-29,23365
2023-01-30,20393
2023-01-31,22537
2023-02-01,21918
2023-02-02,23964
2023-02-03,23324
2023-02-04,24945
2023-02-05,24110
2023-02-06,22546
2023-02-07,20834
2023-02-08,22398
2023-02-09,22542
2023-02-10,23974
2023-02-11,23235
2023-02-12,24841
2023-02-13,22430
2023-02-14,21497
2023-02-15,21996
2023-02-16,25368
2023-02-17,23855
2023-02-18,24472
2023-02-19,25168
2023-02-20,22801
2023-02-21,20440
2023-02-22,23441
2023-02-23,22691
2023-02-24,25528
2023-02-25,25034
2023-02-26,22991
2023-02-27,21975
2023-02-28,21730
2023-03-01,21496
2023-03-02,23607
2023-03-03,25292
2023-03-04,22767
2023-03-05,24503
2023-03-06,22246
2023-03-07,22794
2023-03-08,21282
2023-03-09,22984
2023-03-10,24663
2023-03-11,22022
2023-03-12,22772
2023-03-13,21915
2023-03-14,20586
2023-03-15,21953
2023-03-16,22193
2023-03-17,25486
2023-03-18,24743
2023-03-19,24624
2023-03-20,22283
2023-03-21,22549
2023-03-22,22595
2023-03-23,23358
2023-03-24,25160
2023-03-25,23635
2023-03-26,24452
2023-03-27,22650
2023-03-28,21677
2023-03-29,21699
2023-03-30,22523
2023-03-31,25928
2023-04-01,22647
2023-04-02,25050
2023-04-03,23000
2023-04-04,22400
2023-04-05,22668
2023-04-06,23285
2023-04-07,25274
2023-04-08,24050
2023-04-09,24117
2023-04-10,21593
2023-04-11,22640
2023-04-12,22322
2023-04-13,23204
2023-04-14,24161
2023-04-15,24075
2023-04-16,25672
2023-04-17,21095
2023-04-18,21373
2023-04-19,20972
2023-04-20,23629
2023-04-21,25741
2023-04-22,23661
2023-04-23,24119
2023-04-24,21642
2023-04-25,22354
2023-04-26,22330
2023-04-27,24485
2023-04-28,25912
2023-04-29,24425
2023-04-30,24672
2023-05-01,22571
2023-05-02,22289
2023-05-03,22242
2023-05-04,23160
2023-05-05,24666
2023-05-06,23914
2023-05-07,24913
2023-05-08,22518
2023-05-09,21539
2023-05-10,22113
2023-05-11,24007
2023-05-12,25786
2023-05-13,24332
2023-05-14,24637
2023-05-15,22612
2023-05-16,22970
2023-05-17,22963
2023-05-18,23687
2023-05-19,25207
2023-05-20,24666
2023-05-21,24881
2023-05-22,22508
2023-05-23,22296
2023-05-24,22654
2023-05-25,22881
2023-05-26,24806
2023-05-27,24464
2023-05-28,25352
2023-05-29,23473
2023-05-30,22137
2023-05-31,21894
2023-06-01,27219
2023-06-02,27456
2023-06-03,29096
2023-06-04,28573
2023-06-05,27406
2023-06-06,25427
2023-06-07,25791
2023-06-08,27078
2023-06-09,27937
2023-06-10,26850
2023-06-11,28598
2023-06-12,27529
2023-06-13,24652
2023-06-14,26206
2023-06-15,27199
2023-06-16,29335
2023-06-17,28705
2023-06-18,29449
2023-06-19,24749
2023-06-20,25009
2023-06-21,23921
2023-06-22,27413
2023-06-23,29952
2023-06-24,27139
2023-06-25,27718
2023-06-26,26269
2023-06-27,25663
2023-06-28,26019
2023-06-29,27524
2023-06-30,28915
2023-07-01,27762
2023-07-02,28089
2023-07-03,25947
2023-07-04,23776
2023-07-05,26171
2023-07-06,27424
2023-07-07,29422
2023-07-08,28028
2023-07-09,30048
2023-07-10,26048
2023-07-11,26074
2023-07-12,26118
2023-07-13,26608
2023-07-14,29510
2023-07-15,28791
2023-07-16,28512
2023-07-17,25425
2023-07-18,25128
2023-07-19,26599
2023-07-20,26850
2023-07-21,29875
2023-07-22,28165
2023-07-23,27974
2023-07-24,25946
2023-07-25,25575
2023-07-26,26140
2023-07-27,26481
2023-07-28,28372
2023-07-29,27475
2023-07-30,29691
2023-07-31,27259
2023-08-01,25945
2023-08-02,25946
2023-08-03,27686
2023-08-04,29741
2023-08-05,28118
2023-08-06,29111
2023-08-07,25177
2023-08-08,24986
2023-08-09,26225
2023-08-10,27287
2023-08-11,27945
2023-08-12,29857
2023-08-13,28489
2023-08-14,25274
2023-08-15,27106
2023-08-16,26818
2023-08-17,28461
2023-08-18,29589
2023-08-19,27927
2023-08-20,30475
2023-08-21,26637
2023-08-22,26171
2023-08-23,26378
2023-08-24,26801
2023-08-25,29330
2023-08-26,26300
2023-08-27,26963
2023-08-28,26751
2023-08-29,26152
2023-08-30,25794
2023-08-31,29671
2023-09-01,25416
2023-09-02,25850
2023-09-03,25550
2023-09-04,23476
2023-09-05,23255
2023-09-06,21392
2023-09-07,23853
2023-09-08,26132
2023-09-09,23823
2023-09-10,24786
2023-09-11,23339
2023-09-12,22927
2023-09-13,22120
2023-09-14,23886
2023-09-15,26324
2023-09-16,24825
2023-09-17,25922
2023-09-18,22703
2023-09-19,21938
2023-09-20,23031
2023-09-21,23826
2023-09-22,25734
2023-09-23,25302
2023-09-24,24740
2023-09-25,22973
2023-09-26,22098
2023-09-27,22955
2023-09-28,24341
2023-09-29,25002
2023-09-30,25741
2023-10-01,25418
2023-10-02,20852
2023-10-03,20801
2023-10-04,23040
2023-10-05,22943
2023-10-06,25929
2023-10-07,23555
2023-10-08,26296
2023-10-09,23251
2023-10-10,21080
2023-10-11,22046
2023-10-12,25465
2023-10-13,26738
2023-10-14,24176
2023-10-15,26912
2023-10-16,22787
2023-10-17,21338
2023-10-18,22237
2023-10-19,24395
2023-10-20,25325
2023-10-21,23855
2023-10-22,25305
2023-10-23,22479
2023-10-24,22537
2023-10-25,23440
2023-10-26,24925
2023-10-27,24875
2023-10-28,25855
2023-10-29,24808
2023-10-30,22935
2023-10-31,23236
2023-11-01,22514
2023-11-02,24336
2023-11-03,28027
2023-11-04,24417
2023-11-05,26497
2023-11-06,22744
2023-11-07,21736
2023-11-08,22509
2023-11-09,24624
2023-11-10,26540
2023-11-11,25053
2023-11-12,25455
2023-11-13,21223
2023-11-14,23133
2023-11-15,23344
2023-11-16,22891
2023-11-17,24773
2023-11-18,25241
2023-11-19,27064
2023-11-20,22970
2023-11-21,22113
2023-11-22,22158
2023-11-23,23302
2023-11-24,26663
2023-11-25,24246
2023-11-26,25176
2023-11-27,22690
2023-11-28,22182
2023-11-29,22974
2023-11-30,23948
2023-12-01,24831
2023-12-02,24167
2023-12-03,25404
2023-12-04,23724
2023-12-05,23035
2023-12-06,23638
2023-12-07,23627
2023-12-08,26319
2023-12-09,24365
2023-12-10,26439
2023-12-11,23250
2023-12-12,21944
2023-12-13,23087
2023-12-14,24982
2023-12-15,30597
2023-12-16,29344
2023-12-17,29333
2023-12-18,27692
2023-12-19,26652
2023-12-20,28562
2023-12-21,29674
2023-12-22,30122
2023-12-23,28273
2023-12-24,29958
2023-12-25,27646
2023-12-26,26323
2023-12-27,27252
2023-12-28,27485
2023-12-29,30621
2023-12-30,28368
2023-12-31,29358
2024-01-01,23254
2024-01-02,22557
2024-01-03,22812
2024-01-04,24299
2024-01-05,24806
2024-01-06,25380
2024-01-07,25374
2024-01-08,23020
2024-01-09,22918
2024-01-10,22323
2024-01-11,24405
2024-01-12,26211
2024-01-13,24254
2024-01-14,26211
2024-01-15,24365
2024-01-16,23093
2024-01-17,22287
2024-01-18,23027
2024-01-19,25510
2024-01-20,25555
2024-01-21,25118
2024-01-22,22240
2024-01-23,21360
2024-01-24,22828
2024-01-25,24114
2024-01-26,27441
2024-01-27,25117
2024-01-28,26591
2024-01-29,22040
2024-01-30,22869
2024-01-31,23321
2024-02-01,25314
2024-02-02,26193
2024-02-03,25171
2024-02-04,24589
2024-02-05,23443
2024-02-06,23286
2024-02-07,22405
2024-02-08,25856
2024-02-09,27732
2024-02-10,25934
2024-02-11,25135
2024-02-12,24079
2024-02-13,22526
2024-02-14,25299
2024-02-15,24172
2024-02-16,25649
2024-02-17,24024
2024-02-18,25948
2024-02-19,22872
2024-02-20,23676
2024-02-21,23549
2024-02-22,24263
2024-02-23,25905
2024-02-24,26108
2024-02-25,25325
2024-02-26,24746
2024-02-27,23608
2024-02-28,24075
2024-02-29,24728
2024-03-01,26029
2024-03-02,26750
2024-03-03,26674
2024-03-04,23139
2024-03-05,22011
2024-03-06,23130
2024-03-07,24523
2024-03-08,25713
2024-03-09,24715
2024-03-10,24749
2024-03-11,24621
2024-03-12,24533
2024-03-13,23747
2024-03-14,23309
2024-03-15,26964
2024-03-16,24729
2024-03-17,27108
2024-03-18,24350
2024-03-19,22538
2024-03-20,22889
2024-03-21,23491
2024-03-22,26202
2024-03-23,25038
2024-03-24,24401
2024-03-25,24078
2024-03-26,22987
2024-03-27,21773
2024-03-28,24617
2024-03-29,27484
2024-03-30,24241
2024-03-31,25068
2024-04-01,23433
2024-04-02,23184
2024-04-03,22514
2024-04-04,24919
2024-04-05,26315
2024-04-06,26022
2024-04-07,25948
2024-04-08,24051
2024-04-09,22638
2024-04-10,22437
2024-04-11,24939
2024-04-12,26844
2024-04-13,25454
2024-04-14,26064
2024-04-15,22770
2024-04-16,21844
2024-04-17,23630
2024-04-18,23490
2024-04-19,25740
2024-04-20,25790
2024-04-21,27295
2024-04-22,22544
2024-04-23,23196
2024-04-24,24339
2024-04-25,23757
2024-04-26,26164
2024-04-27,24243
2024-04-28,26567
2024-04-29,23666
2024-04-30,22471
2024-05-01,24237
2024-05-02,24661
2024-05-03,26080
2024-05-04,25867
2024-05-05,25113
2024-05-06,22779
2024-05-07,22181
2024-05-08,20735
2024-05-09,23176
2024-05-10,26031
2024-05-11,24832
2024-05-12,26168
2024-05-13,24123
2024-05-14,24251
2024-05-15,23395
2024-05-16,23211
2024-05-17,25710
2024-05-18,25566
2024-05-19,26586
2024-05-20,25058
2024-05-21,23121
2024-05-22,23660
2024-05-23,23664
2024-05-24,27203
2024-05-25,23949
2024-05-26,26735
2024-05-27,24904
2024-05-28,22709
2024-05-29,24741
2024-05-30,23888
2024-05-31,26755
2024-06-01,28036
2024-06-02,29633
2024-06-03,26291
2024-06-04,26576
2024-06-05,26321
2024-06-06,27992
2024-06-07,31059
2024-06-08,29975
2024-06-09,31485
2024-06-10,26882
2024-06-11,26845
2024-06-12,26573
2024-06-13,27144
2024-06-14,29792
2024-06-15,29273
2024-06-16,29118
2024-06-17,27106
2024-06-18,26748
2024-06-19,27169
2024-06-20,27888
2024-06-21,31050
2024-06-22,28320
2024-06-23,28667
2024-06-24,27745
2024-06-25,28445
2024-06-26,25454
2024-06-27,28887
2024-06-28,30629
2024-06-29,29847
2024-06-30,31636
2024-07-01,27420
2024-07-02,26530
2024-07-03,27248
2024-07-04,29564
2024-07-05,29554
2024-07-06,30469
2024-07-07,29941
2024-07-08,27101
2024-07-09,25886
2024-07-10,27094
2024-07-11,26761
2024-07-12,31490
2024-07-13,29253
2024-07-14,28448
2024-07-15,27116
2024-07-16,27600
2024-07-17,28140
2024-07-18,28276
2024-07-19,29829
2024-07-20,29447
2024-07-21,29921
2024-07-22,27287
2024-07-23,26636
2024-07-24,27434
2024-07-25,28309
2024-07-26,30785
2024-07-27,28416
2024-07-28,31381
2024-07-29,26998
2024-07-30,26637
2024-07-31,27302
2024-08-01,27159
2024-08-02,30876
2024-08-03,28629
2024-08-04,28781
2024-08-05,28921
2024-08-06,26575
2024-08-07,27149
2024-08-08,27928
2024-08-09,30577
2024-08-10,28784
2024-08-11,29959
2024-08-12,26967
2024-08-13,26977
2024-08-14,26026
2024-08-15,28967
2024-08-16,29345
2024-08-17,29939
2024-08-18,30158
2024-08-19,28426
2024-08-20,27623
2024-08-21,27361
2024-08-22,28955
2024-08-23,31727
2024-08-24,29366
2024-08-25,29939
2024-08-26,29971
2024-08-27,26272
2024-08-28,26846
2024-08-29,27796
2024-08-30,30477
2024-08-31,29353
2024-09-01,26737
2024-09-02,24656
2024-09-03,23942
2024-09-04,23370
2024-09-05,25765
2024-09-06,27060
2024-09-07,26196
2024-09-08,26428
2024-09-09,22809
2024-09-10,23378
2024-09-11,24622
2024-09-12,24466
2024-09-13,27473
2024-09-14,26724
2024-09-15,26206
2024-09-16,24504
2024-09-17,23610
2024-09-18,23812
2024-09-19,25300
2024-09-20,26517
2024-09-21,26320
2024-09-22,26079
2024-09-23,23179
2024-09-24,22619
2024-09-25,23757
2024-09-26,26691
2024-09-27,27880
2024-09-28,25710
2024-09-29,27225
2024-09-30,24535
2024-10-01,22867
2024-10-02,23832
2024-10-03,25580
2024-10-04,26776
2024-10-05,26646
2024-10-06,27448
2024-10-07,25167
2024-10-08,23096
2024-10-09,24766
2024-10-10,25597
2024-10-11,26377
2024-10-12,24796
2024-10-13,24582
2024-10-14,23697
2024-10-15,25368
2024-10-16,25079
2024-10-17,25240
2024-10-18,26019
2024-10-19,26639
2024-10-20,25865
2024-10-21,23813
2024-10-22,23797
2024-10-23,24735
2024-10-24,26491
2024-10-25,26163
2024-10-26,26383
2024-10-27,25754
2024-10-28,25225
2024-10-29,24386
2024-10-30,23603
2024-10-31,25529
2024-11-01,28309
2024-11-02,26310
2024-11-03,27431
2024-11-04,25134
2024-11-05,23975
2024-11-06,23665
2024-11-07,23651
2024-11-08,25218
2024-11-09,26090
2024-11-10,25382
2024-11-11,23461
2024-11-12,24085
2024-11-13,24316
2024-11-14,25827
2024-11-15,28028
2024-11-16,26040
2024-11-17,26800
2024-11-18,24577
2024-11-19,22133
2024-11-20,24564
2024-11-21,27157
2024-11-22,26371
2024-11-23,25373
2024-11-24,27248
2024-11-25,22385
2024-11-26,23346
2024-11-27,23108
2024-11-28,26526
2024-11-29,27351
2024-11-30,25978
2024-12-01,26506
2024-12-02,25157
2024-12-03,25538
2024-12-04,24217
2024-12-05,25221
2024-12-06,27338
2024-12-07,25090
2024-12-08,27986
2024-12-09,24264
2024-12-10,23271
2024-12-11,25674
2024-12-12,24297
2024-12-13,25512
2024-12-14,26502
2024-12-15,32154
2024-12-16,28031
2024-12-17,27816
2024-12-18,29777
2024-12-19,28922
2024-12-20,30481
2024-12-21,29069
2024-12-22,30667
2024-12-23,29280
2024-12-24,27481
2024-12-25,28751
2024-12-26,29129
2024-12-27,31095
2024-12-28,30755
2024-12-29,31691
2024-12-30,28694
2024-12-31,26858
